<application>
  <component name="GraziConfig">
    <option name="enabledLanguages">
      <set>
        <option value="English (US)" />
        <option value="Chinese" />
      </set>
    </option>
    <option name="suppressingContext">
      <SuppressingContext>
        <option name="suppressed">
          <set>
            <option value="a XML" />
            <option value="github" />
            <option value="二叉" />
            <option value="代码补全" />
            <option value="左右指针" />
            <option value="新的会话对象" />
          </set>
        </option>
      </SuppressingContext>
    </option>
    <option name="detectionContext">
      <State>
        <option name="disabled">
          <set>
            <option value="GERMAN" />
          </set>
        </option>
      </State>
    </option>
  </component>
</application>