<application>
  <component name="LafManager" autodetect="false">
    <laf class-name="com.intellij.ide.ui.laf.darcula.DarculaLaf" themeId="ExperimentalDark" />
    <lafs-to-previous-schemes>
      <laf-to-scheme laf="Catppuccin Frappe" scheme="_@user_Default" />
      <laf-to-scheme laf="Catppuccin Latte" scheme="_@user_Catppuccin Latte" />
      <laf-to-scheme laf="Catppuccin Macchiato" scheme="_@user_Catppuccin Macchiato" />
      <laf-to-scheme laf="Catppuccin Mocha" scheme="_@user_Catppuccin Mocha" />
      <laf-to-scheme laf="High contrast" scheme="_@user_High contrast" />
      <laf-to-scheme laf="Light" scheme="_@user_IntelliJ Light" />
    </lafs-to-previous-schemes>
  </component>
</application>