<application>
  <component name="ProjectManager">
    <defaultProject>
      <component name="MavenImportPreferences">
        <option name="generalSettings">
          <MavenGeneralSettings>
            <option name="mavenHome" value="$USER_HOME$/Downloads/Compressed/apache-maven-3.5.4-bin/apache-maven-3.5.4" />
            <option name="userSettingsFile" value="C:\Users\31093\Downloads\Compressed\apache-maven-3.5.4-bin\apache-maven-3.5.4\conf\settings.xml" />
          </MavenGeneralSettings>
        </option>
      </component>
      <component name="ProjectRootManager" version="2" languageLevel="JDK_1_8" default="false" project-jdk-name="1.8" project-jdk-type="JavaSDK" />
      <component name="ProjectView">
        <navigator proportions="" version="1" />
        <panes />
      </component>
      <component name="ProjectViewState">
        <option name="autoscrollFromSource" value="true" />
        <option name="autoscrollToSource" value="true" />
        <option name="hideEmptyMiddlePackages" value="true" />
        <option name="openDirectoriesWithSingleClick" value="true" />
        <option name="showExcludedFiles" value="false" />
        <option name="showLibraryContents" value="true" />
        <option name="showScratchesAndConsoles" value="false" />
      </component>
      <component name="PropertiesComponent">{
  &quot;keyToString&quot;: {
    &quot;project.structure.last.edited&quot;: &quot;问题&quot;,
    &quot;project.structure.proportion&quot;: &quot;0.0&quot;,
    &quot;project.structure.side.proportion&quot;: &quot;0.2&quot;,
    &quot;settings.editor.selected.configurable&quot;: &quot;project.propGUI&quot;
  }
}</component>
      <component name="WindowStateProjectService">
        <state x="446" y="165" key="#运行/调试配置模板" timestamp="1690277809856">
          <screen x="0" y="0" width="1707" height="1019" />
        </state>
        <state x="446" y="165" key="#运行/调试配置模板/0.0.1707.1019" timestamp="1690277809856" />
        <state x="311" y="65" key="SettingsEditor" timestamp="1690641310680">
          <screen x="0" y="0" width="1707" height="1019" />
        </state>
        <state x="311" y="65" key="SettingsEditor/0.0.1707.1019" timestamp="1690641310680" />
      </component>
      <component name="masterDetails">
        <states>
          <state key="GlobalLibrariesConfigurable.UI">
            <settings>
              <last-edited>jsp-api</last-edited>
              <splitter-proportions>
                <option name="proportions">
                  <list>
                    <option value="0.2" />
                  </list>
                </option>
              </splitter-proportions>
            </settings>
          </state>
          <state key="JdkListConfigurable.UI">
            <settings>
              <last-edited>1.8</last-edited>
              <splitter-proportions>
                <option name="proportions">
                  <list>
                    <option value="0.2" />
                  </list>
                </option>
              </splitter-proportions>
            </settings>
          </state>
          <state key="ProjectLibrariesConfigurable.UI">
            <settings>
              <splitter-proportions>
                <option name="proportions">
                  <list>
                    <option value="0.2" />
                  </list>
                </option>
              </splitter-proportions>
            </settings>
          </state>
        </states>
      </component>
    </defaultProject>
  </component>
</application>