<application>
  <component name="UpdatesConfigurable">
    <ignoredBuildNumbers>
      <item value="223.8836.41" />
      <item value="231.9225.16" />
      <item value="231.9392.1" />
      <item value="232.10072.27" />
    </ignoredBuildNumbers>
    <option name="LAST_BUILD_CHECKED" value="IU-232.9921.47" />
    <option name="LAST_TIME_CHECKED" value="1705154062719" />
    <option name="OBSOLETE_CUSTOM_REPOSITORIES_CLEAN_NEEDED" value="false" />
    <option name="THIRD_PARTY_PLUGINS_ALLOWED" value="true" />
    <option name="WHATS_NEW_SHOWN_FOR" value="232" />
  </component>
</application>